"Game","BGG Weight","State-space complexity","Game-tree size","Game-tree complexity","Solved?","Result",
"Twenty-one","None","42","223317","?","Strongly","P1 wins",
"Twenty","None","40","121415","?","Strongly","P2 wins – zugzwang",
"Noughts & Crosses","1.12","(3^9 = 19683) 5478 (765)","255168","255168","Strongly","Draw",
"Connect Four","1.21","~ 10^14","~ 8.35 * 10^28","4^36 = ~ 10^21","Strongly","P1 wins",
"Chess","3.73","~ 10^47","?","~ 10^123","No","CPU > Human","7-piece endgames.  Mate in 546"
"Losing chess","None","^","^","?","Weakly","White wins starting 1. e3",
"Go","3.99","~ 10^170","?","~ 10^360","No","CPU > Human","Weakly solved 7x7"
"Draughts","1.78","~ 5 * 10^20","?","10^40","Weakly","Draw","Chinook, best ever with 10^14 calculations over 8 years on 50-200 PCs"
"Carcassonne","1.93","> 10^40","?","~ 10^195","No",,
"Briscola","2.00","?","~ 10^52","?","No","Single hand",
"Sigma File","1.91","~ 7 * 10^24","Infinite","Probably infinite?","No",,
"Guess Who?","1.12","~2^49 = 6 * 10^14","?","?","Strongly","P1 wins 63%.",
"Snooker","None","Infinite","Infinite","Infinite","No",,
